{
  "meta": {
    "host": "lixiheng-server",
    "platform": "Linux-6.8.0-107-generic-aarch64-with-glibc2.39",
    "kernel_release": "6.8.0-107-generic",
    "python": "3.12.3",
    "reps": 5,
    "lookup_samples": 2000,
    "N_values": [
      8,
      16,
      32,
      64,
      128,
      256,
      512,
      1024,
      2048,
      4096,
      8192,
      16384
    ],
    "warmup_n": 64,
    "dry_run": false,
    "seed": 20260414,
    "warnings": [],
    "timestamp_utc": "2026-04-14T12:38:34Z"
  },
  "per_N": {
    "8": {
      "register": {
        "reps": 5,
        "total_ms": 0.061158,
        "total_std_ms": 0.008115,
        "per_tool_avg_ms": 0.0076448,
        "per_tool_avg_us": 7.6448,
        "per_tool_std_us": 1.0143,
        "per_tool_ci95_us": 0.8891,
        "throughput_tools_per_sec": 132703.251
      },
      "lookup": {
        "label": "kernel_N8",
        "samples": 10000,
        "avg_ms": 0.007491,
        "std_ms": 0.001978,
        "ci95_ms": 3.9e-05,
        "p50_ms": 0.007167,
        "p95_ms": 0.009208,
        "p99_ms": 0.013583,
        "min_ms": 0.006708,
        "max_ms": 0.101125
      },
      "userspace": {
        "label": "user_N8",
        "samples": 10000,
        "avg_ms": 6e-05,
        "std_ms": 8.6e-05,
        "ci95_ms": 2e-06,
        "p50_ms": 4.2e-05,
        "p95_ms": 8.4e-05,
        "p99_ms": 8.4e-05,
        "min_ms": 0.0,
        "max_ms": 0.004791
      },
      "sysfs_ls_ms_avg": 0.636367,
      "module_snapshot_last": {
        "module_coresize": "36864",
        "module_initsize": "0",
        "module_refcnt": "0",
        "module_taint": "OE",
        "meminfo_free_kb": 3042028
      },
      "meminfo_free_kb_before": 3050092,
      "meminfo_free_kb_after": 3042028,
      "meminfo_free_delta_kb": 8064
    },
    "16": {
      "register": {
        "reps": 5,
        "total_ms": 0.101392,
        "total_std_ms": 0.007791,
        "per_tool_avg_ms": 0.006336975,
        "per_tool_avg_us": 6.337,
        "per_tool_std_us": 0.4869,
        "per_tool_ci95_us": 0.4268,
        "throughput_tools_per_sec": 158518.453
      },
      "lookup": {
        "label": "kernel_N16",
        "samples": 10000,
        "avg_ms": 0.007295,
        "std_ms": 0.001089,
        "ci95_ms": 2.1e-05,
        "p50_ms": 0.007042,
        "p95_ms": 0.009083,
        "p99_ms": 0.01146,
        "min_ms": 0.006708,
        "max_ms": 0.03975
      },
      "userspace": {
        "label": "user_N16",
        "samples": 10000,
        "avg_ms": 6e-05,
        "std_ms": 0.000168,
        "ci95_ms": 3e-06,
        "p50_ms": 4.2e-05,
        "p95_ms": 8.4e-05,
        "p99_ms": 8.4e-05,
        "min_ms": 0.0,
        "max_ms": 0.013833
      },
      "sysfs_ls_ms_avg": 0.511467,
      "module_snapshot_last": {
        "module_coresize": "36864",
        "module_initsize": "0",
        "module_refcnt": "0",
        "module_taint": "OE",
        "meminfo_free_kb": 3038248
      },
      "meminfo_free_kb_before": 3042028,
      "meminfo_free_kb_after": 3038248,
      "meminfo_free_delta_kb": 3780
    },
    "32": {
      "register": {
        "reps": 5,
        "total_ms": 0.187908,
        "total_std_ms": 0.014185,
        "per_tool_avg_ms": 0.005872131,
        "per_tool_avg_us": 5.8721,
        "per_tool_std_us": 0.4433,
        "per_tool_ci95_us": 0.3885,
        "throughput_tools_per_sec": 171012.945
      },
      "lookup": {
        "label": "kernel_N32",
        "samples": 10000,
        "avg_ms": 0.007341,
        "std_ms": 0.00285,
        "ci95_ms": 5.6e-05,
        "p50_ms": 0.007,
        "p95_ms": 0.008958,
        "p99_ms": 0.010583,
        "min_ms": 0.006708,
        "max_ms": 0.209833
      },
      "userspace": {
        "label": "user_N32",
        "samples": 10000,
        "avg_ms": 5.8e-05,
        "std_ms": 6.6e-05,
        "ci95_ms": 1e-06,
        "p50_ms": 4.2e-05,
        "p95_ms": 8.4e-05,
        "p99_ms": 8.4e-05,
        "min_ms": 0.0,
        "max_ms": 0.004791
      },
      "sysfs_ls_ms_avg": 0.605358,
      "module_snapshot_last": {
        "module_coresize": "36864",
        "module_initsize": "0",
        "module_refcnt": "0",
        "module_taint": "OE",
        "meminfo_free_kb": 3034468
      },
      "meminfo_free_kb_before": 3038248,
      "meminfo_free_kb_after": 3030436,
      "meminfo_free_delta_kb": 7812
    },
    "64": {
      "register": {
        "reps": 5,
        "total_ms": 0.365725,
        "total_std_ms": 0.024425,
        "per_tool_avg_ms": 0.005714453,
        "per_tool_avg_us": 5.7145,
        "per_tool_std_us": 0.3816,
        "per_tool_ci95_us": 0.3345,
        "throughput_tools_per_sec": 175626.045
      },
      "lookup": {
        "label": "kernel_N64",
        "samples": 10000,
        "avg_ms": 0.007224,
        "std_ms": 0.001249,
        "ci95_ms": 2.4e-05,
        "p50_ms": 0.006959,
        "p95_ms": 0.008875,
        "p99_ms": 0.011168,
        "min_ms": 0.006667,
        "max_ms": 0.059083
      },
      "userspace": {
        "label": "user_N64",
        "samples": 10000,
        "avg_ms": 6.1e-05,
        "std_ms": 0.000138,
        "ci95_ms": 3e-06,
        "p50_ms": 4.2e-05,
        "p95_ms": 8.4e-05,
        "p99_ms": 8.4e-05,
        "min_ms": 0.0,
        "max_ms": 0.006666
      },
      "sysfs_ls_ms_avg": 0.571008,
      "module_snapshot_last": {
        "module_coresize": "36864",
        "module_initsize": "0",
        "module_refcnt": "0",
        "module_taint": "OE",
        "meminfo_free_kb": 3029680
      },
      "meminfo_free_kb_before": 3030436,
      "meminfo_free_kb_after": 3028672,
      "meminfo_free_delta_kb": 1764
    },
    "128": {
      "register": {
        "reps": 5,
        "total_ms": 0.705192,
        "total_std_ms": 0.017419,
        "per_tool_avg_ms": 0.005509311,
        "per_tool_avg_us": 5.5093,
        "per_tool_std_us": 0.1361,
        "per_tool_ci95_us": 0.1193,
        "throughput_tools_per_sec": 181598.887
      },
      "lookup": {
        "label": "kernel_N128",
        "samples": 10000,
        "avg_ms": 0.00717,
        "std_ms": 0.002136,
        "ci95_ms": 4.2e-05,
        "p50_ms": 0.006916,
        "p95_ms": 0.00825,
        "p99_ms": 0.011334,
        "min_ms": 0.006625,
        "max_ms": 0.127
      },
      "userspace": {
        "label": "user_N128",
        "samples": 10000,
        "avg_ms": 6.2e-05,
        "std_ms": 0.000168,
        "ci95_ms": 3e-06,
        "p50_ms": 4.2e-05,
        "p95_ms": 8.4e-05,
        "p99_ms": 8.4e-05,
        "min_ms": 0.0,
        "max_ms": 0.006708
      },
      "sysfs_ls_ms_avg": 0.499983,
      "module_snapshot_last": {
        "module_coresize": "36864",
        "module_initsize": "0",
        "module_refcnt": "0",
        "module_taint": "OE",
        "meminfo_free_kb": 3024640
      },
      "meminfo_free_kb_before": 3028672,
      "meminfo_free_kb_after": 3023884,
      "meminfo_free_delta_kb": 4788
    },
    "256": {
      "register": {
        "reps": 5,
        "total_ms": 1.405417,
        "total_std_ms": 0.032687,
        "per_tool_avg_ms": 0.005489909,
        "per_tool_avg_us": 5.4899,
        "per_tool_std_us": 0.1277,
        "per_tool_ci95_us": 0.1119,
        "throughput_tools_per_sec": 182232.035
      },
      "lookup": {
        "label": "kernel_N256",
        "samples": 10000,
        "avg_ms": 0.007096,
        "std_ms": 0.001266,
        "ci95_ms": 2.5e-05,
        "p50_ms": 0.006916,
        "p95_ms": 0.008208,
        "p99_ms": 0.009916,
        "min_ms": 0.006666,
        "max_ms": 0.061375
      },
      "userspace": {
        "label": "user_N256",
        "samples": 10000,
        "avg_ms": 5.7e-05,
        "std_ms": 7.4e-05,
        "ci95_ms": 1e-06,
        "p50_ms": 4.2e-05,
        "p95_ms": 8.4e-05,
        "p99_ms": 8.4e-05,
        "min_ms": 0.0,
        "max_ms": 0.004792
      },
      "sysfs_ls_ms_avg": 0.48685,
      "module_snapshot_last": {
        "module_coresize": "36864",
        "module_initsize": "0",