mode,samples,avg_ms,std_ms,ci95_ms,p50_ms,p95_ms,p99_ms,min_ms,max_ms
noop,2000,0.00333,0.001516,6.6e-05,0.003125,0.003669,0.004793,0.003,0.033791
