mode,t,p_raw,p_bh
skip_ticket,-6.446205,0.0,0.0
skip_binding,-3.56296,0.000367,0.000489
skip_hash,-3.910402,9.2e-05,0.000184
skip_lookups,-2.146491,0.031834,0.031834
