{
  "crossuid": {
    "attempts": 500,
    "blind_pass": 0,
    "blocked": 326,
    "blocked_rate": 0.652,
    "blocked_rate_ci95": [
      0.608444442634021,
      0.6937459099958798
    ],
    "finding": "missing peer-cred enforcement \u2192 follow-up patch recommended: kernel_mcp_cmd_tool_request does not compare NETLINK_CB(skb) credentials against registered agent->uid",
    "guessed_pass": 0,
    "leaked_pass": 174,
    "passed": 174
  },
  "fuzz": {
    "dmesg_findings": {
      "bug": 0,
      "gpf": 0,
      "kmemleak": 0,
      "oops": 0,
      "warn": 0
    },
    "errno_hist": {
      "-34": 175628,
      "-22": 175947,
      "-14": 175367,
      "-2": 174700,
      "-1": 175126
    },
    "mutation_hist": {
      "bit_flip": 191755,
      "none": 109378,
      "oversize_len": 192698,
      "truncate": 190815,
      "type_sub": 192122
    },
    "per_cmd_errno": {
      "AGENT_REGISTER": {
        "-34": 21725,
        "-22": 22128,
        "-14": 21680,
        "-2": 21875,
        "-1": 22069
      },
      "APPROVAL_DECIDE": {
        "-34": 21933,
        "-22": 22122,
        "-14": 21932,
        "-2": 22023,
        "-1": 22072
      },
      "LIST_TOOLS": {
        "-34": 21924,
        "-22": 22034,
        "-14": 21969,
        "-2": 21837,
        "-1": 21544
      },
      "NOOP": {
        "-34": 21932,
        "-22": 22048,
        "-14": 22126,
        "-2": 21678,
        "-1": 21957
      },
      "RESET_TOOLS": {
        "-34": 21818,
        "-22": 21981,
        "-14": 22010,
        "-2": 21782,
        "-1": 21787
      },
      "TOOL_COMPLETE": {
        "-34": 22102,
        "-22": 21962,
        "-14": 21695,
        "-2": 21635,
        "-1": 21730
      },
      "TOOL_REGISTER": {
        "-34": 22275,
        "-22": 21659,
        "-14": 22034,
        "-2": 21701,
        "-1": 21844
      },
      "TOOL_REQUEST": {
        "-34": 21919,
        "-22": 22013,
        "-14": 21921,
        "-2": 22169,
        "-1": 22123
      }
    },
    "socket_errors": 0,
    "total_sent": 876768
  },
  "meta": {
    "crossuid_attempts": 500,
    "dry_run": false,
    "fuzz_duration_s": 1800.0,
    "phases": [
      "crossuid",
      "fuzz",
      "toctou"
    ],
    "platform": "Linux-6.8.0-107-generic-aarch64-with-glibc2.39",
    "python": "3.12.3",
    "run_ts": "run-20260413T170724Z",
    "seed": 20260414,
    "smoke": false,
    "toctou_iterations": 10000
  },
  "peer_cred_finding": "kernel_mcp_cmd_tool_request has no NETLINK_CB / current_uid check \u2014 cross-uid hijack is gated only by the secrecy of binding_hash",
  "toctou": {
    "blocked_rate_ci95": [
      0.9996311800853821,
      1.0
    ],
    "breach_count": 0,
    "breach_rate": 0.0,
    "breach_rate_ci95": [
      0.0,
      0.00036881991461784613
    ],
    "defer_count": 16,
    "deny_binding_mismatch": 0,
    "deny_hash_mismatch": 9984,
    "iterations": 10000,
    "reason_histogram": {
      "approval_ticket_unknown": 16,
      "hash_mismatch": 9984
    }
  }
}