mode,t,p_raw,p_bh
skip_ticket,0.959146,0.337485,0.376846
skip_binding,1.184681,0.236144,0.376846
skip_hash,-1.518858,0.128798,0.376846
skip_lookups,-0.883722,0.376846,0.376846
