mode,samples,avg_ms,std_ms,ci95_ms,p50_ms,p95_ms,p99_ms,min_ms,max_ms
noop,2000,0.003243,0.000579,2.5e-05,0.003166,0.003375,0.004543,0.003,0.013292
