mode,samples,avg_ms,std_ms,ci95_ms,p50_ms,p95_ms,p99_ms,min_ms,max_ms
noop,2000,0.00315,0.000604,2.6e-05,0.003083,0.003292,0.004542,0.002958,0.016542
